english/test/S002_0379088085,V002
english/test/S002_3329644604,V002
english/test/S002_0716659834,V002
english/test/S002_0034198090,V001
english/test/S002_3675593510,V001
english/test/S002_1248863180,V002
english/test/S002_1811315103,V001
english/test/S002_0150793611,V001
english/test/S002_0488457066,V002
english/test/S002_1927813378,V002
english/test/S002_3835497764,V001
english/test/S002_2613999357,V001
english/test/S002_3397632494,V001
english/test/S003_2650563980,V001
english/test/S003_3628811388,V001
english/test/S003_2246977596,V001
english/test/S003_4143021831,V002
english/test/S003_2221495694,V002
english/test/S003_1178890909,V002
english/test/S003_2611431933,V002
english/test/S003_2240019245,V001
english/test/S003_2299041764,V002
english/test/S003_1478639117,V001
english/test/S003_3732887959,V001
english/test/S003_0348166629,V002
english/test/S003_2098261986,V001
english/test/S005_1869043913,V001
english/test/S005_2462667879,V002
english/test/S005_2857012128,V002
english/test/S005_0337854417,V001
english/test/S005_1255051908,V001
english/test/S005_3817578655,V001
english/test/S005_1369359729,V002
english/test/S005_2339421144,V002
english/test/S005_1674880857,V001
english/test/S005_1027254890,V001
english/test/S005_0525058276,V002
english/test/S005_3335289900,V001
english/test/S005_2243904656,V002
english/test/S005_3148422380,V002
english/test/S006_3547507286,V001
english/test/S006_0256405871,V001
english/test/S006_2402232073,V001
english/test/S006_1744073907,V002
english/test/S006_0791080940,V002
english/test/S006_2309191462,V002
english/test/S006_2467127665,V002
english/test/S006_3907468490,V001
english/test/S006_1919833715,V002
english/test/S006_2233331201,V001
english/test/S006_2068766372,V001
english/test/S006_1788089822,V002
english/test/S006_1876582974,V001
english/test/S007_1670529004,V001
english/test/S007_2106426595,V001
english/test/S007_1328762623,V002
english/test/S007_0678239348,V001
english/test/S007_3243217924,V002
english/test/S007_0204997433,V001
english/test/S007_3771169705,V002
english/test/S007_2836644370,V001
english/test/S007_1179982703,V002
english/test/S008_4096000418,V001
english/test/S008_0374594724,V001
english/test/S008_0316936606,V002
english/test/S008_2311158062,V001
english/test/S008_2210326791,V002
english/test/S008_4101672507,V001
english/test/S008_1533376143,V002
english/test/S008_2684330882,V001
english/test/S008_1680359331,V002
english/test/S009_1134572964,V001
english/test/S009_0951978018,V001
english/test/S009_2963764176,V002
english/test/S009_3172133024,V002
english/test/S009_2409126958,V001
english/test/S009_2230685767,V001
english/test/S009_1637278923,V002
english/test/S009_2554341485,V001
english/test/S009_2664556587,V001
english/test/S009_3009558539,V002
english/test/S009_2922384978,V002
english/test/S009_3769715709,V002
english/test/S009_3852218745,V002
english/test/S009_0722532299,V001
english/test/S009_2675987928,V001
english/test/S011_3385425823,V001
english/test/S011_1485461930,V002
english/test/S011_4204160922,V002
english/test/S011_1220140001,V001
english/test/S011_1056847685,V001
english/test/S011_4019527684,V001
english/test/S011_1004261560,V002
english/test/S011_2504494747,V002
english/test/S011_2020332133,V001
english/test/S011_0826602971,V001
english/test/S011_4248927546,V002
english/test/S011_0538842874,V001
english/test/S011_1486905221,V002
english/test/S011_3070188133,V002
english/test/S013_1647107851,V001
english/test/S013_2857211736,V001
english/test/S013_1546167225,V001
english/test/S013_0990512588,V002
english/test/S013_3906392480,V002
english/test/S013_0694888237,V002
english/test/S013_1319297801,V002
english/test/S013_0717685577,V001
english/test/S013_3843497491,V002
english/test/S013_0461257464,V001
english/test/S013_2195076294,V001
english/test/S013_1720378819,V002
english/test/S013_3050055609,V001
english/test/S016_0033179769,V001
english/test/S016_4001194935,V002
english/test/S016_2410213271,V002
english/test/S016_3036296225,V001
english/test/S016_0909866182,V001
english/test/S016_1604362137,V001
english/test/S016_4241276147,V002
english/test/S016_4079864915,V002
english/test/S016_1517581208,V001
english/test/S016_1426116964,V001
english/test/S016_0015229803,V002
english/test/S016_2853428649,V001
english/test/S016_0007211729,V002
english/test/S016_4184772113,V002
english/test/S019_2459060426,V002
english/test/S019_1203011745,V002
english/test/S019_2784269462,V002
english/test/S019_1370348056,V001
english/test/S019_2465622735,V001
english/test/S019_3655501544,V002
english/test/S019_0444395040,V001
english/test/S019_1864848970,V001
english/test/S019_2946419609,V002
english/test/S019_0163264856,V002
english/test/S019_3566025888,V001
english/test/S019_0876437283,V001
english/test/S019_1517717992,V001
english/test/S022_4213163508,V001
english/test/S022_1587635681,V001
english/test/S022_1579158408,V002
english/test/S022_1376425751,V002
english/test/S022_2936194818,V001
english/test/S022_1341990990,V001
english/test/S022_3801674752,V002
english/test/S022_2436309351,V001
english/test/S022_2467872015,V001
english/test/S022_3587271288,V002
english/test/S022_1990728118,V002
english/test/S022_3599507778,V002
english/test/S022_0598465739,V002
english/test/S022_0799854662,V001
english/test/S022_2211405183,V001
english/test/S029_0296750778,V001
english/test/S029_4256753032,V001
english/test/S029_4193376528,V001
english/test/S029_2159765033,V002
english/test/S029_4188495052,V002
english/test/S029_0319474799,V001
english/test/S029_1929874338,V001
english/test/S029_2318301126,V001
english/test/S029_0016520932,V001
english/test/S029_1068142416,V002
english/test/S029_4050153366,V001
english/test/S029_0601534788,V001
english/test/S029_1148954548,V002
english/test/S029_2285517287,V002
english/test/S029_1480335310,V001
english/test/S029_3513270162,V001
english/test/S029_3694116817,V001
english/test/S029_1644893934,V001
english/test/S030_1756493637,V002
english/test/S030_3313878040,V002
english/test/S030_2768730427,V002
english/test/S030_0405736610,V001
english/test/S030_3045276808,V001
english/test/S030_1317267807,V002
english/test/S030_2540374847,V002
english/test/S030_2477652858,V002
english/test/S030_1644595354,V002
english/test/S030_0038139088,V001
english/test/S030_1515780978,V001
english/test/S030_1930457209,V002
english/test/S030_3624094171,V001
english/test/S030_1524414356,V001
english/test/S030_2091192866,V001
english/test/S030_0730141577,V001
english/test/S030_3923466856,V001
english/test/S030_2739033792,V001
english/test/S030_0244072828,V001
english/test/S030_0378256235,V001
